{
    "$schema": "https://schema.management.azure.com/schemas/2015-01-01/deploymentTemplate.json#",
    "contentVersion": "1.0.0.0",
    "parameters": {
        "applicationInsightsName": {
            "type": "string"
        },
        "clusterId": {
            "type": "string"
        },
        "appInsightsLocation": {
            "type": "string"
        }
    },
    "resources": [
        {
            "type": "Microsoft.Insights/components",
            "name": "[parameters('applicationInsightsName')]",
            "apiVersion": "2014-04-01",
            "location": "[parameters('appInsightsLocation')]",
            "tags": {
                "[concat('hidden-link:', parameters('clusterId'))]": "Resource"
            },
            "properties": {
                "applicationId": "[parameters('applicationInsightsName')]",
                "Request_Source": "AzureTfsExtensionAzureProject"
            }
        }
    ],
    "outputs": {
        "aiKey": {
            "value": "[reference(concat('Microsoft.Insights/components/', parameters('applicationInsightsName'))).InstrumentationKey]",
            "type": "string"
        }
    }
}
